EmployeeID,Name,Department,City,Salary,JoiningDate
1,Sneha Kumar,Marketing,Bangalore,61936,2019-07-25
2,Anil Chopra,Sales,Hyderabad,60475,2022-07-25
3,Raj Patel,HR,Kolkata,37040,2020-05-11
4,Anil Sharma,HR,Mumbai,73196,2020-01-21
5,Rohit Kumar,Finance,Delhi,72539,2021-02-22
6,Meena Chopra,Sales,Bangalore,45022,2021-03-23
7,Sneha Reddy,IT,Delhi,74874,2016-09-22
8,Anil Patel,Sales,Bangalore,40384,2016-02-11
9,Priya Sharma,HR,Delhi,31894,2022-06-08
10,Meena Yadav,Sales,Hyderabad,44505,2018-02-08
11,Meena Kumar,Marketing,Mumbai,59565,2022-11-27
12,Karan Gupta,Finance,Hyderabad,36747,2016-04-05
13,Sneha Patel,Marketing,Delhi,65443,2019-02-26
14,Raj Verma,HR,Bangalore,51893,2015-06-03
15,Karan Sharma,Marketing,Bangalore,71244,2020-03-01
16,Neha Nair,Finance,Bangalore,55984,2017-02-15
17,Simran Patel,Marketing,Bangalore,65207,2019-07-31
18,Amit Patel,Marketing,Kolkata,76269,2017-10-19
19,Raj Verma,Finance,Mumbai,54924,2022-07-22
20,Raj Nair,Finance,Kolkata,76806,2019-02-28
21,Amit Reddy,HR,Bangalore,30908,2019-11-10
22,Sneha Gupta,Finance,Delhi,70140,2020-08-27
23,Karan Kumar,Marketing,Mumbai,60866,2018-04-10
24,Anil Kumar,Sales,Bangalore,50769,2018-04-04
25,Anil Mishra,Finance,Kolkata,41739,2020-03-19
26,Amit Yadav,Sales,Delhi,65536,2018-11-30
27,Neha Mishra,Finance,Mumbai,70291,2019-08-17
28,Simran Mishra,Marketing,Mumbai,84917,2015-12-29
29,Anil Reddy,HR,Kolkata,66098,2015-10-12
30,Karan Nair,Sales,Mumbai,87312,2016-07-16
31,Raj Reddy,Finance,Kolkata,50271,2020-07-19
32,Anil Verma,Sales,Delhi,82221,2016-09-04
33,Priya Reddy,Marketing,Kolkata,80501,2022-09-01
34,Sneha Mishra,IT,Mumbai,41230,2018-05-29
35,Karan Patel,Sales,Hyderabad,32276,2016-11-13
36,Priya Chopra,IT,Kolkata,56077,2020-05-05
37,Sneha Reddy,Sales,Delhi,87053,2018-12-24
38,Rohit Chopra,IT,Kolkata,56579,2018-03-10
39,Karan Sharma,HR,Kolkata,65341,2021-02-24
40,Sneha Kumar,IT,Mumbai,34823,2015-08-28
41,Raj Patel,Marketing,Bangalore,36141,2020-11-05
42,Neha Mishra,Marketing,Mumbai,86700,2022-04-23
43,Sneha Mishra,HR,Mumbai,64345,2016-06-14
44,Rohit Verma,Sales,Bangalore,43440,2018-02-21
45,Anil Chopra,Marketing,Kolkata,39679,2015-06-19
46,Sneha Gupta,Marketing,Bangalore,54398,2015-04-27
47,Neha Chopra,Finance,Bangalore,63089,2016-01-27
48,Raj Reddy,IT,Bangalore,36323,2022-07-12
49,Amit Yadav,IT,Kolkata,54024,2016-12-15
50,Simran Mishra,Finance,Kolkata,72724,2017-09-08
