InvoiceID,VendorName,Amount,City,InvoiceDate,Status
1,Infosys,123630,Bangalore,2022-10-26,Paid
2,Infosys,34242,Hyderabad,2020-12-09,Paid
3,TCS,76109,Bangalore,2021-05-24,Pending
4,HCL,40362,Delhi,2020-09-17,Overdue
5,Accenture,74230,Bangalore,2022-01-10,Pending
6,HCL,132007,Mumbai,2023-03-09,Paid
7,HCL,97492,Delhi,2022-06-27,Pending
8,IBM,37858,Hyderabad,2022-04-22,Paid
9,TechMahindra,140010,Hyderabad,2023-07-26,Overdue
10,Infosys,14780,Bangalore,2022-11-17,Pending
11,HCL,75665,Mumbai,2021-05-31,Paid
12,TCS,114327,Mumbai,2023-07-21,Pending
13,TCS,41319,Mumbai,2020-10-27,Pending
14,Wipro,137031,Hyderabad,2020-09-28,Pending
15,TCS,39392,Hyderabad,2022-07-20,Paid
16,TechMahindra,114548,Mumbai,2021-02-02,Paid
17,TCS,81786,Mumbai,2022-12-10,Paid
18,Infosys,29628,Bangalore,2020-11-08,Pending
19,IBM,114626,Delhi,2023-09-28,Paid
20,Accenture,60447,Mumbai,2023-09-14,Pending
21,Infosys,73558,Mumbai,2022-07-30,Pending
22,Capgemini,133085,Hyderabad,2022-07-15,Pending
23,Capgemini,15249,Hyderabad,2022-09-09,Pending
24,IBM,14727,Hyderabad,2022-02-25,Paid
25,Infosys,18623,Delhi,2021-03-28,Overdue
26,IBM,106446,Bangalore,2021-01-18,Overdue
27,Capgemini,46999,Mumbai,2023-02-03,Paid
28,TCS,102067,Bangalore,2021-01-19,Overdue
29,Wipro,17790,Mumbai,2021-04-09,Pending
30,TCS,38319,Bangalore,2022-09-07,Overdue
31,Capgemini,60096,Kolkata,2023-09-26,Pending
32,Infosys,115850,Delhi,2022-06-20,Pending
33,Infosys,28025,Delhi,2020-03-26,Pending
34,Accenture,100320,Hyderabad,2021-03-16,Overdue
35,Infosys,121036,Kolkata,2020-07-08,Pending
36,Capgemini,92340,Hyderabad,2020-09-08,Paid
37,Infosys,101157,Hyderabad,2020-04-28,Overdue
38,Accenture,94866,Hyderabad,2021-07-27,Pending
39,Accenture,112125,Mumbai,2020-02-20,Overdue
40,Capgemini,31484,Bangalore,2021-12-20,Pending
41,Capgemini,144935,Hyderabad,2021-04-24,Overdue
42,Wipro,106148,Delhi,2020-07-30,Paid
43,IBM,109333,Bangalore,2022-05-04,Paid
44,Wipro,54244,Kolkata,2020-01-29,Pending
45,Infosys,113578,Delhi,2022-12-06,Pending
46,TCS,68748,Hyderabad,2023-07-25,Paid
47,Capgemini,45001,Delhi,2023-04-16,Overdue
48,Accenture,12927,Mumbai,2020-02-25,Pending
49,TechMahindra,45942,Bangalore,2023-02-23,Pending
50,Wipro,138101,Hyderabad,2023-09-10,Paid
